metric,iteration,value
keygen_total_us,0,214078
pct_us,0,178327
sign_us,0,40930
verify_us,0,137490
sig_der_bytes,0,71
keygen_total_us,1,213883
pct_us,1,178180
sign_us,1,40882
verify_us,1,137452
sig_der_bytes,1,72
keygen_total_us,2,214172
pct_us,2,178456
sign_us,2,40894
verify_us,2,137557
sig_der_bytes,2,71
keygen_total_us,3,213901
pct_us,3,178343
sign_us,3,40856
verify_us,3,137576
sig_der_bytes,3,70
keygen_total_us,4,214243
pct_us,4,178632
sign_us,4,40952
verify_us,4,137583
sig_der_bytes,4,70
keygen_total_us,5,213930
pct_us,5,178456
sign_us,5,40844
verify_us,5,137483
sig_der_bytes,5,71
keygen_total_us,6,214124
pct_us,6,178443
sign_us,6,40912
verify_us,6,137475
sig_der_bytes,6,71
keygen_total_us,7,214009
pct_us,7,178390
sign_us,7,40959
verify_us,7,137481
sig_der_bytes,7,70
keygen_total_us,8,214127
pct_us,8,178409
sign_us,8,40914
verify_us,8,137409
sig_der_bytes,8,70
keygen_total_us,9,214094
pct_us,9,178351
sign_us,9,41018
verify_us,9,137383
sig_der_bytes,9,71
keygen_total_us,10,213966
pct_us,10,178374
sign_us,10,40959
verify_us,10,137431
sig_der_bytes,10,71
keygen_total_us,11,214027
pct_us,11,178428
sign_us,11,40944
verify_us,11,137525
sig_der_bytes,11,70
keygen_total_us,12,213942
pct_us,12,178291
sign_us,12,40943
verify_us,12,137420
sig_der_bytes,12,70
keygen_total_us,13,213975
pct_us,13,178443
sign_us,13,40971
verify_us,13,137448
sig_der_bytes,13,72
keygen_total_us,14,213836
pct_us,14,178245
sign_us,14,40969
verify_us,14,137409
sig_der_bytes,14,70
keygen_total_us,15,214138
pct_us,15,178546
sign_us,15,40923
verify_us,15,137655
sig_der_bytes,15,72
keygen_total_us,16,213993
pct_us,16,178398
sign_us,16,40866
verify_us,16,137514
sig_der_bytes,16,72
keygen_total_us,17,214043
pct_us,17,178412
sign_us,17,41009
verify_us,17,137493
sig_der_bytes,17,72
keygen_total_us,18,214008
pct_us,18,178388
sign_us,18,40903
verify_us,18,137526
sig_der_bytes,18,70
keygen_total_us,19,214119
pct_us,19,178462
sign_us,19,40898
verify_us,19,137607
sig_der_bytes,19,70
